exec SP_AgregarAdministrador 'admin','Administrador','Principal','password',1

insert into Fecha(id, nombre, fecha) values(1,'inicio','2022-08-08 00:00:00')
insert into Fecha(id, nombre, fecha) values(2,'final','2022-11-26 00:00:00')

insert into Carrera(nombre) values('Ingeniero Industrial Administrador')
insert into Carrera(nombre) values('Ingeniero Químico')
insert into Carrera(nombre) values('Ingeniería Ambiental')
insert into Carrera(nombre) values('Licenciado en Química Industrial')
insert into Carrera(nombre) values('Químico Farmacéutico Biólogo')
insert into Carrera(nombre) values('Externo')

insert into Sala(id) values(1)
insert into Sala(id) values(2)
insert into Sala(id) values(3)
insert into Sala(id) values(4)
insert into Sala(id) values(5)

exec SP_AgregarPrograma 'Adobe Acrobat Reader DC'
exec SP_AgregarPrograma 'Aspen Tech'
exec SP_AgregarPrograma 'Autodesk AutoCAD 2018'
exec SP_AgregarPrograma 'BR&E ProMax'
exec SP_AgregarPrograma 'Design-Expert 12'
exec SP_AgregarPrograma 'Gemalto'
exec SP_AgregarPrograma 'GKU Pro 2D'
exec SP_AgregarPrograma 'GNU Octave 5.1.0.0'
exec SP_AgregarPrograma 'Minitab 18'
exec SP_AgregarPrograma 'Office 2016'
exec SP_AgregarPrograma 'Pro Model Professional'
exec SP_AgregarPrograma 'Pro Model Professional 2014'
exec SP_AgregarPrograma 'ProMax'
exec SP_AgregarPrograma 'PTC'
exec SP_AgregarPrograma 'Python 3.8'
exec SP_AgregarPrograma 'R'
exec SP_AgregarPrograma 'Raptor'
exec SP_AgregarPrograma 'RStudio'
exec SP_AgregarPrograma 'Scilab Enterprises'
exec SP_AgregarPrograma 'SketchUP 2017'
exec SP_AgregarPrograma 'Sin programa'

insert into ProgramaSala(sala_id,programa_id) values(1,1)
insert into ProgramaSala(sala_id,programa_id) values(1,3)
insert into ProgramaSala(sala_id,programa_id) values(1,8)
insert into ProgramaSala(sala_id,programa_id) values(1,9)
insert into ProgramaSala(sala_id,programa_id) values(1,11)
insert into ProgramaSala(sala_id,programa_id) values(1,15)
insert into ProgramaSala(sala_id,programa_id) values(1,16)
insert into ProgramaSala(sala_id,programa_id) values(1,17)
insert into ProgramaSala(sala_id,programa_id) values(1,18)
insert into ProgramaSala(sala_id,programa_id) values(1,10)
insert into ProgramaSala(sala_id,programa_id) values(1,7)
insert into ProgramaSala(sala_id,programa_id) values(1,14)
insert into ProgramaSala(sala_id,programa_id) values(1,21)

insert into ProgramaSala(sala_id,programa_id) values(2,1)
insert into ProgramaSala(sala_id,programa_id) values(2,2)
insert into ProgramaSala(sala_id,programa_id) values(2,4)
insert into ProgramaSala(sala_id,programa_id) values(2,5)
insert into ProgramaSala(sala_id,programa_id) values(2,7)
insert into ProgramaSala(sala_id,programa_id) values(2,10)
insert into ProgramaSala(sala_id,programa_id) values(2,8)
insert into ProgramaSala(sala_id,programa_id) values(2,9)
insert into ProgramaSala(sala_id,programa_id) values(2,19)
insert into ProgramaSala(sala_id,programa_id) values(2,13)
insert into ProgramaSala(sala_id,programa_id) values(2,21)

insert into ProgramaSala(sala_id,programa_id) values(3,1)
insert into ProgramaSala(sala_id,programa_id) values(3,2)
insert into ProgramaSala(sala_id,programa_id) values(3,5)
insert into ProgramaSala(sala_id,programa_id) values(3,10)
insert into ProgramaSala(sala_id,programa_id) values(3,9)
insert into ProgramaSala(sala_id,programa_id) values(3,8)
insert into ProgramaSala(sala_id,programa_id) values(3,19)
insert into ProgramaSala(sala_id,programa_id) values(3,20)
insert into ProgramaSala(sala_id,programa_id) values(3,16)
insert into ProgramaSala(sala_id,programa_id) values(3,18)
insert into ProgramaSala(sala_id,programa_id) values(3,21)

insert into ProgramaSala(sala_id,programa_id) values(4,1)
insert into ProgramaSala(sala_id,programa_id) values(4,3)
insert into ProgramaSala(sala_id,programa_id) values(4,5)
insert into ProgramaSala(sala_id,programa_id) values(4,6)
insert into ProgramaSala(sala_id,programa_id) values(4,9)
insert into ProgramaSala(sala_id,programa_id) values(4,12)
insert into ProgramaSala(sala_id,programa_id) values(4,14)
insert into ProgramaSala(sala_id,programa_id) values(4,15)
insert into ProgramaSala(sala_id,programa_id) values(4,16)
insert into ProgramaSala(sala_id,programa_id) values(4,21)

insert into ProgramaSala(sala_id,programa_id) values(5,1)
insert into ProgramaSala(sala_id,programa_id) values(5,3)
insert into ProgramaSala(sala_id,programa_id) values(5,5)
insert into ProgramaSala(sala_id,programa_id) values(5,6)
insert into ProgramaSala(sala_id,programa_id) values(5,9)
insert into ProgramaSala(sala_id,programa_id) values(5,12)
insert into ProgramaSala(sala_id,programa_id) values(5,14)
insert into ProgramaSala(sala_id,programa_id) values(5,15)
insert into ProgramaSala(sala_id,programa_id) values(5,17)
insert into ProgramaSala(sala_id,programa_id) values(5,10)
insert into ProgramaSala(sala_id,programa_id) values(5,21)

insert into Computadora(sala_id,numero) values(1,1)
insert into Computadora(sala_id,numero) values(1,2)
insert into Computadora(sala_id,numero) values(1,3)
insert into Computadora(sala_id,numero) values(1,4)
insert into Computadora(sala_id,numero) values(1,5)
insert into Computadora(sala_id,numero) values(1,6)
insert into Computadora(sala_id,numero) values(1,7)
insert into Computadora(sala_id,numero) values(1,8)
insert into Computadora(sala_id,numero) values(1,9)
insert into Computadora(sala_id,numero) values(1,10)
insert into Computadora(sala_id,numero) values(1,11)
insert into Computadora(sala_id,numero) values(1,12)
insert into Computadora(sala_id,numero) values(1,13)
insert into Computadora(sala_id,numero) values(1,14)
insert into Computadora(sala_id,numero) values(1,15)
insert into Computadora(sala_id,numero) values(1,16)
insert into Computadora(sala_id,numero) values(1,17)
insert into Computadora(sala_id,numero) values(1,18)
insert into Computadora(sala_id,numero) values(1,19)
insert into Computadora(sala_id,numero) values(1,20)
insert into Computadora(sala_id,numero) values(1,21)
insert into Computadora(sala_id,numero) values(1,22)
insert into Computadora(sala_id,numero) values(1,23)
insert into Computadora(sala_id,numero) values(1,24)
insert into Computadora(sala_id,numero) values(1,25)
insert into Computadora(sala_id,numero) values(1,26)
insert into Computadora(sala_id,numero) values(1,27)
insert into Computadora(sala_id,numero) values(1,28)
insert into Computadora(sala_id,numero) values(1,29)
insert into Computadora(sala_id,numero) values(1,30)
insert into Computadora(sala_id,numero) values(1,31)
insert into Computadora(sala_id,numero) values(1,32)
insert into Computadora(sala_id,numero) values(1,33)
insert into Computadora(sala_id,numero) values(1,34)
insert into Computadora(sala_id,numero) values(1,35)
insert into Computadora(sala_id,numero) values(1,36)
insert into Computadora(sala_id,numero) values(1,37)
insert into Computadora(sala_id,numero) values(1,38)
insert into Computadora(sala_id,numero) values(1,39)
insert into Computadora(sala_id,numero) values(1,40)
insert into Computadora(sala_id,numero) values(2,1)
insert into Computadora(sala_id,numero) values(2,2)
insert into Computadora(sala_id,numero) values(2,3)
insert into Computadora(sala_id,numero) values(2,4)
insert into Computadora(sala_id,numero) values(2,5)
insert into Computadora(sala_id,numero) values(2,6)
insert into Computadora(sala_id,numero) values(2,7)
insert into Computadora(sala_id,numero) values(2,8)
insert into Computadora(sala_id,numero) values(2,9)
insert into Computadora(sala_id,numero) values(2,10)
insert into Computadora(sala_id,numero) values(2,11)
insert into Computadora(sala_id,numero) values(2,12)
insert into Computadora(sala_id,numero) values(2,13)
insert into Computadora(sala_id,numero) values(2,14)
insert into Computadora(sala_id,numero) values(2,15)
insert into Computadora(sala_id,numero) values(2,16)
insert into Computadora(sala_id,numero) values(2,17)
insert into Computadora(sala_id,numero) values(2,18)
insert into Computadora(sala_id,numero) values(2,19)
insert into Computadora(sala_id,numero) values(2,20)
insert into Computadora(sala_id,numero) values(2,21)
insert into Computadora(sala_id,numero) values(2,22)
insert into Computadora(sala_id,numero) values(2,23)
insert into Computadora(sala_id,numero) values(2,24)
insert into Computadora(sala_id,numero) values(2,25)
insert into Computadora(sala_id,numero) values(2,26)
insert into Computadora(sala_id,numero) values(2,27)
insert into Computadora(sala_id,numero) values(2,28)
insert into Computadora(sala_id,numero) values(2,29)
insert into Computadora(sala_id,numero) values(2,30)
insert into Computadora(sala_id,numero) values(2,31)
insert into Computadora(sala_id,numero) values(2,32)
insert into Computadora(sala_id,numero) values(2,33)
insert into Computadora(sala_id,numero) values(2,34)
insert into Computadora(sala_id,numero) values(2,35)
insert into Computadora(sala_id,numero) values(2,36)
insert into Computadora(sala_id,numero) values(2,37)
insert into Computadora(sala_id,numero) values(2,38)
insert into Computadora(sala_id,numero) values(2,39)
insert into Computadora(sala_id,numero) values(2,40)
insert into Computadora(sala_id,numero) values(3,1)
insert into Computadora(sala_id,numero) values(3,2)
insert into Computadora(sala_id,numero) values(3,3)
insert into Computadora(sala_id,numero) values(3,4)
insert into Computadora(sala_id,numero) values(3,5)
insert into Computadora(sala_id,numero) values(3,6)
insert into Computadora(sala_id,numero) values(3,7)
insert into Computadora(sala_id,numero) values(3,8)
insert into Computadora(sala_id,numero) values(3,9)
insert into Computadora(sala_id,numero) values(3,10)
insert into Computadora(sala_id,numero) values(3,11)
insert into Computadora(sala_id,numero) values(3,12)
insert into Computadora(sala_id,numero) values(3,13)
insert into Computadora(sala_id,numero) values(3,14)
insert into Computadora(sala_id,numero) values(3,15)
insert into Computadora(sala_id,numero) values(3,16)
insert into Computadora(sala_id,numero) values(3,17)
insert into Computadora(sala_id,numero) values(3,18)
insert into Computadora(sala_id,numero) values(3,19)
insert into Computadora(sala_id,numero) values(3,20)
insert into Computadora(sala_id,numero) values(3,21)
insert into Computadora(sala_id,numero) values(3,22)
insert into Computadora(sala_id,numero) values(3,23)
insert into Computadora(sala_id,numero) values(3,24)
insert into Computadora(sala_id,numero) values(3,25)
insert into Computadora(sala_id,numero) values(3,26)
insert into Computadora(sala_id,numero) values(3,27)
insert into Computadora(sala_id,numero) values(3,28)
insert into Computadora(sala_id,numero) values(3,29)
insert into Computadora(sala_id,numero) values(3,30)
insert into Computadora(sala_id,numero) values(3,31)
insert into Computadora(sala_id,numero) values(3,32)
insert into Computadora(sala_id,numero) values(3,33)
insert into Computadora(sala_id,numero) values(3,34)
insert into Computadora(sala_id,numero) values(3,35)
insert into Computadora(sala_id,numero) values(3,36)
insert into Computadora(sala_id,numero) values(3,37)
insert into Computadora(sala_id,numero) values(3,38)
insert into Computadora(sala_id,numero) values(3,39)
insert into Computadora(sala_id,numero) values(3,40)
insert into Computadora(sala_id,numero) values(4,1)
insert into Computadora(sala_id,numero) values(4,2)
insert into Computadora(sala_id,numero) values(4,3)
insert into Computadora(sala_id,numero) values(4,4)
insert into Computadora(sala_id,numero) values(4,5)
insert into Computadora(sala_id,numero) values(4,6)
insert into Computadora(sala_id,numero) values(4,7)
insert into Computadora(sala_id,numero) values(4,8)
insert into Computadora(sala_id,numero) values(4,9)
insert into Computadora(sala_id,numero) values(4,10)
insert into Computadora(sala_id,numero) values(4,11)
insert into Computadora(sala_id,numero) values(4,12)
insert into Computadora(sala_id,numero) values(4,13)
insert into Computadora(sala_id,numero) values(4,14)
insert into Computadora(sala_id,numero) values(4,15)
insert into Computadora(sala_id,numero) values(4,16)
insert into Computadora(sala_id,numero) values(4,17)
insert into Computadora(sala_id,numero) values(4,18)
insert into Computadora(sala_id,numero) values(4,19)
insert into Computadora(sala_id,numero) values(4,20)
insert into Computadora(sala_id,numero) values(4,21)
insert into Computadora(sala_id,numero) values(4,22)
insert into Computadora(sala_id,numero) values(4,23)
insert into Computadora(sala_id,numero) values(4,24)
insert into Computadora(sala_id,numero) values(4,25)
insert into Computadora(sala_id,numero) values(4,26)
insert into Computadora(sala_id,numero) values(4,27)
insert into Computadora(sala_id,numero) values(4,28)
insert into Computadora(sala_id,numero) values(4,29)
insert into Computadora(sala_id,numero) values(4,30)
insert into Computadora(sala_id,numero) values(4,31)
insert into Computadora(sala_id,numero) values(4,32)
insert into Computadora(sala_id,numero) values(4,33)
insert into Computadora(sala_id,numero) values(4,34)
insert into Computadora(sala_id,numero) values(4,35)
insert into Computadora(sala_id,numero) values(4,36)
insert into Computadora(sala_id,numero) values(4,37)
insert into Computadora(sala_id,numero) values(4,38)
insert into Computadora(sala_id,numero) values(4,39)
insert into Computadora(sala_id,numero) values(4,40)
insert into Computadora(sala_id,numero) values(5,1)
insert into Computadora(sala_id,numero) values(5,2)
insert into Computadora(sala_id,numero) values(5,3)
insert into Computadora(sala_id,numero) values(5,4)
insert into Computadora(sala_id,numero) values(5,5)
insert into Computadora(sala_id,numero) values(5,6)
insert into Computadora(sala_id,numero) values(5,7)
insert into Computadora(sala_id,numero) values(5,8)
insert into Computadora(sala_id,numero) values(5,9)
insert into Computadora(sala_id,numero) values(5,10)
insert into Computadora(sala_id,numero) values(5,11)
insert into Computadora(sala_id,numero) values(5,12)
insert into Computadora(sala_id,numero) values(5,13)
insert into Computadora(sala_id,numero) values(5,14)
insert into Computadora(sala_id,numero) values(5,15)
insert into Computadora(sala_id,numero) values(5,16)
insert into Computadora(sala_id,numero) values(5,17)
insert into Computadora(sala_id,numero) values(5,18)
insert into Computadora(sala_id,numero) values(5,19)
insert into Computadora(sala_id,numero) values(5,20)
insert into Computadora(sala_id,numero) values(5,21)
insert into Computadora(sala_id,numero) values(5,22)
insert into Computadora(sala_id,numero) values(5,23)
insert into Computadora(sala_id,numero) values(5,24)
insert into Computadora(sala_id,numero) values(5,25)
insert into Computadora(sala_id,numero) values(5,26)
insert into Computadora(sala_id,numero) values(5,27)
insert into Computadora(sala_id,numero) values(5,28)
insert into Computadora(sala_id,numero) values(5,29)
insert into Computadora(sala_id,numero) values(5,30)
insert into Computadora(sala_id,numero) values(5,31)
insert into Computadora(sala_id,numero) values(5,32)
insert into Computadora(sala_id,numero) values(5,33)
insert into Computadora(sala_id,numero) values(5,34)
insert into Computadora(sala_id,numero) values(5,35)
insert into Computadora(sala_id,numero) values(5,36)
insert into Computadora(sala_id,numero) values(5,37)
insert into Computadora(sala_id,numero) values(5,38)
insert into Computadora(sala_id,numero) values(5,39)
insert into Computadora(sala_id,numero) values(5,40)